<?xml-stylesheet type="text/xsl" href="..\..\dco.xsl"?>
<S>
	<B type="edelweiss_CMA">
		<V n="ID">0</V>
		<V n="TYPE">Batch</V>
		<V n="STATUS">0</V>
		<V n="MIN_TYPES">0</V>
		<V n="MAX_TYPES">0</V>
		<V n="rules">&lt;in&gt;&lt;r id=&quot;1&quot; rs=&quot;1&quot; /&gt;&lt;r id=&quot;1&quot; rs=&quot;6&quot; /&gt;&lt;r id=&quot;1&quot; rs=&quot;9&quot; /&gt;&lt;/in&gt;&lt;out&gt;&lt;r id=&quot;2&quot; rs=&quot;5&quot; /&gt;&lt;/out&gt;</V>
		<P type="Other" pos="0" min="0" max="0"/>
		<D type="MainPageDocument" pos="0" min="0" max="0"/>
	</B>
	<D type="MainPageDocument">
		<V n="ID">0</V>
		<V n="TYPE">Document</V>
		<V n="STATUS">0</V>
		<V n="DOC DATA">0</V>
		<V n="MIN_TYPES">0</V>
		<V n="MAX_TYPES">0</V>
		<V n="rules">&lt;in&gt;&lt;r id=&quot;3&quot; rs=&quot;9&quot; /&gt;&lt;/in&gt;&lt;out /&gt;</V>
		<P type="MainPage" pos="1" min="1" max="1"/>
		<P type="TrailingPage" pos="0" min="0" max="0"/>
		<P type="Doc_Seperator" pos="0" min="0" max="0"/>
	</D>
	<P type="Other">
		<V n="ID">0</V>
		<V n="TYPE">Page</V>
		<V n="STATUS">0</V>
		<V n="IMAGEFILE"></V>
		<V n="DATAFILE"></V>
		<V n="TEMPLATE IMAGE"></V>
		<V n="MIN_TYPES">0</V>
		<V n="MAX_TYPES">0</V>
		<V n="rules">&lt;in&gt;&lt;r id=&quot;1&quot; rs=&quot;3&quot; /&gt;&lt;r id=&quot;1&quot; rs=&quot;4&quot; /&gt;&lt;r id=&quot;1&quot; rs=&quot;5&quot; /&gt;&lt;r id=&quot;1&quot; rs=&quot;12&quot; /&gt;&lt;/in&gt;&lt;out&gt;&lt;r id=&quot;2&quot; rs=&quot;4&quot; /&gt;&lt;/out&gt;</V>
		<V n="bp_tp">1073741823</V>
		<V n="bp_or">3</V>
	</P>
	<P type="MainPage">
		<V n="ID">0</V>
		<V n="TYPE">Page</V>
		<V n="STATUS">0</V>
		<V n="IMAGEFILE"></V>
		<V n="DATAFILE"></V>
		<V n="TEMPLATE IMAGE"></V>
		<V n="MIN_TYPES">0</V>
		<V n="MAX_TYPES">0</V>
		<V n="rules">&lt;in&gt;&lt;r id=&quot;2&quot; rs=&quot;6&quot; /&gt;&lt;r id=&quot;1&quot; rs=&quot;13&quot; /&gt;&lt;/in&gt;&lt;out /&gt;</V>
		<F type="ClientName" pos="0" min="0" max="0"/>
		<F type="Entity" pos="0" min="0" max="0"/>
		<F type="SBU" pos="0" min="0" max="0"/>
		<F type="LOB" pos="0" min="0" max="0"/>
		<F type="Product" pos="0" min="0" max="0"/>
		<F type="RecordName" pos="0" min="0" max="0"/>
		<F type="RecordClassification" pos="0" min="0" max="0"/>
		<F type="RetentionPeriod" pos="0" min="0" max="0"/>
		<F type="AdditionalHashTag1" pos="0" min="0" max="0"/>
		<F type="AdditionalHashTag2" pos="0" min="0" max="0"/>
		<F type="DM_Partner" pos="0" min="0" max="0"/>
	</P>
	<P type="TrailingPage">
		<V n="ID">0</V>
		<V n="TYPE">Page</V>
		<V n="STATUS">0</V>
		<V n="IMAGEFILE"></V>
		<V n="DATAFILE"></V>
		<V n="TEMPLATE IMAGE"></V>
		<V n="MIN_TYPES">0</V>
		<V n="MAX_TYPES">0</V>
		<V n="rules">&lt;in&gt;&lt;r id=&quot;2&quot; rs=&quot;13&quot; /&gt;&lt;/in&gt;&lt;out /&gt;</V>
	</P>
	<P type="Doc_Seperator">
		<V n="ID">0</V>
		<V n="TYPE">Page</V>
		<V n="STATUS">0</V>
		<V n="IMAGEFILE"></V>
		<V n="DATAFILE"></V>
		<V n="TEMPLATE IMAGE"></V>
		<V n="MIN_TYPES">0</V>
		<V n="MAX_TYPES">0</V>
		<V n="rules">&lt;in /&gt;&lt;out /&gt;</V>
	</P>
	<F type="Frequency_OMR1">
		<V n="ID">0</V>
		<V n="TYPE">Field</V>
		<V n="STATUS">0</V>
		<V n="MIN_TYPES">0</V>
		<V n="MAX_TYPES">0</V>
		<V n="length"></V>
		<V n="ReqConf">8</V>
		<V n="rules">&lt;in /&gt;&lt;out /&gt;</V>
		<V n="RecogType">4</V>
		<F type="Frequency_OMR1_OMR1" pos="0" min="0" max="0"/>
	</F>
	<F type="Signature_OMR1">
		<V n="ID">0</V>
		<V n="TYPE">Field</V>
		<V n="STATUS">0</V>
		<V n="MIN_TYPES">0</V>
		<V n="MAX_TYPES">0</V>
		<V n="length"></V>
		<V n="ReqConf">8</V>
		<V n="rules">&lt;in /&gt;&lt;out /&gt;</V>
	</F>
	<F type="Frequency_OMR1_OMR1">
		<V n="ID">0</V>
		<V n="TYPE">Field</V>
		<V n="STATUS">0</V>
		<V n="MIN_TYPES">0</V>
		<V n="MAX_TYPES">0</V>
		<V n="length"></V>
		<V n="ReqConf">8</V>
		<V n="rules">&lt;in /&gt;&lt;out /&gt;</V>
	</F>
	<F type="ClientName">
		<V n="ID">0</V>
		<V n="TYPE">Field</V>
		<V n="STATUS">0</V>
		<V n="Position">0,0,0,0</V>
		<V n="MIN_TYPES">0</V>
		<V n="MAX_TYPES">0</V>
		<V n="length"></V>
		<V n="ReqConf">8</V>
		<V n="rules">&lt;in /&gt;&lt;out /&gt;</V>
		<V n="Label">Client Name</V>
	</F>
	<F type="Entity">
		<V n="ID">0</V>
		<V n="TYPE">Field</V>
		<V n="STATUS">0</V>
		<V n="Position">0,0,0,0</V>
		<V n="MIN_TYPES">0</V>
		<V n="MAX_TYPES">0</V>
		<V n="length"></V>
		<V n="ReqConf">8</V>
		<V n="rules">&lt;in /&gt;&lt;out /&gt;</V>
		<V n="SELECT">&lt;SQL flist=&apos;ENTITY&apos; dsn=&quot;*/lookupdb:cs&quot;&gt;SELECT DISTINCT ENTITYNAME FROM &quot;ADMINISTRATOR&quot;.&quot;ENTITY&quot;&lt;/SQL&gt;</V>
		<V n="Text">Edelweiss Custodial Services Limited</V>
	</F>
	<F type="Product">
		<V n="ID">0</V>
		<V n="TYPE">Field</V>
		<V n="STATUS">0</V>
		<V n="Position">0,0,0,0</V>
		<V n="MIN_TYPES">0</V>
		<V n="MAX_TYPES">0</V>
		<V n="length"></V>
		<V n="ReqConf">8</V>
		<V n="rules">&lt;in /&gt;&lt;out /&gt;</V>
		<V n="SELECT">&lt;SQL flist=&apos;Product&apos; dsn=&quot;*/lookupdb:cs&quot;&gt;SELECT DISTINCT PRODUCT FROM &quot;ADMINISTRATOR&quot;.&quot;PRODUCTMASTER&quot; WHERE LOB LIKE &apos;@@LOB@@&apos;&lt;/SQL&gt;</V>
	</F>
	<F type="LOB">
		<V n="ID">0</V>
		<V n="TYPE">Field</V>
		<V n="STATUS">0</V>
		<V n="Position">0,0,0,0</V>
		<V n="MIN_TYPES">0</V>
		<V n="MAX_TYPES">0</V>
		<V n="length"></V>
		<V n="ReqConf">8</V>
		<V n="rules">&lt;in /&gt;&lt;out /&gt;</V>
		<V n="SELECT">&lt;SQL flist=&apos;LOB&apos; dsn=&quot;*/lookupdb:cs&quot;&gt;SELECT DISTINCT LOB FROM &quot;ADMINISTRATOR&quot;.&quot;SBU&quot; WHERE SBU LIKE &apos;@@SBU@@&apos;&lt;/SQL&gt;</V>
	</F>
	<F type="RecordName">
		<V n="ID">0</V>
		<V n="TYPE">Field</V>
		<V n="STATUS">0</V>
		<V n="Position">0,0,0,0</V>
		<V n="MIN_TYPES">0</V>
		<V n="MAX_TYPES">0</V>
		<V n="length"></V>
		<V n="ReqConf">8</V>
		<V n="rules">&lt;in /&gt;&lt;out /&gt;</V>
		<V n="Label">Record Name</V>
		<V n="SELECT">&lt;SQL flist=&apos;RecordName&apos; dsn=&quot;*/lookupdb:cs&quot;&gt;SELECT DISTINCT RECORDNAME FROM &quot;ADMINISTRATOR&quot;.&quot;RECORDMASTER&quot; WHERE PRODUCTNAME LIKE &apos;@@Product@@&apos; AND LOB LIKE &apos;@@LOB@@&apos;&lt;/SQL&gt;</V>
	</F>
	<F type="RecordClassification">
		<V n="ID">0</V>
		<V n="TYPE">Field</V>
		<V n="STATUS">0</V>
		<V n="Position">0,0,0,0</V>
		<V n="MIN_TYPES">0</V>
		<V n="MAX_TYPES">0</V>
		<V n="length"></V>
		<V n="ReqConf">8</V>
		<V n="rules">&lt;in /&gt;&lt;out /&gt;</V>
		<V n="Label">Record Classification</V>
		<V n="SELECT">&lt;SQL flist=&apos;RecordClassification&apos; dsn=&quot;*/lookupdb:cs&quot;&gt;SELECT DISTINCT CLASSIFICATIONTYPE FROM &quot;ADMINISTRATOR&quot;.&quot;RECORDMASTER&quot; WHERE PRODUCTNAME LIKE &apos;@@Product@@&apos; AND LOB LIKE &apos;@@LOB@@&apos; AND RECORDNAME LIKE &apos;%@@RecordName@@%&apos;&lt;/SQL&gt;</V>
	</F>
	<F type="AdditionalHashTag1">
		<V n="ID">0</V>
		<V n="TYPE">Field</V>
		<V n="STATUS">0</V>
		<V n="Position">0,0,0,0</V>
		<V n="MIN_TYPES">0</V>
		<V n="MAX_TYPES">0</V>
		<V n="length"></V>
		<V n="ReqConf">8</V>
		<V n="rules">&lt;in /&gt;&lt;out /&gt;</V>
	</F>
	<F type="AdditionalHashTag2">
		<V n="ID">0</V>
		<V n="TYPE">Field</V>
		<V n="STATUS">0</V>
		<V n="Position">0,0,0,0</V>
		<V n="MIN_TYPES">0</V>
		<V n="MAX_TYPES">0</V>
		<V n="length"></V>
		<V n="ReqConf">8</V>
		<V n="rules">&lt;in /&gt;&lt;out /&gt;</V>
	</F>
	<F type="DM_Partner">
		<V n="ID">0</V>
		<V n="TYPE">Field</V>
		<V n="STATUS">0</V>
		<V n="Position">0,0,0,0</V>
		<V n="MIN_TYPES">0</V>
		<V n="MAX_TYPES">0</V>
		<V n="length"></V>
		<V n="ReqConf">8</V>
		<V n="rules">&lt;in /&gt;&lt;out /&gt;</V>
		<V n="Label">DM Partner</V>
	</F>
	<F type="RetentionPeriod">
		<V n="ID">0</V>
		<V n="TYPE">Field</V>
		<V n="STATUS">0</V>
		<V n="Position">0,0,0,0</V>
		<V n="MIN_TYPES">0</V>
		<V n="MAX_TYPES">0</V>
		<V n="length"></V>
		<V n="ReqConf">8</V>
		<V n="rules">&lt;in /&gt;&lt;out /&gt;</V>
		<V n="Label">Retention Period</V>
		<V n="SELECT">&lt;SQL flist=&apos;RetentionPeriod&apos; dsn=&quot;*/lookupdb:cs&quot;&gt;SELECT DISTINCT RETENTIONPERIOD FROM &quot;ADMINISTRATOR&quot;.&quot;RECORDMASTER&quot; WHERE PRODUCTNAME LIKE &apos;@@Product@@&apos; AND LOB LIKE &apos;@@LOB@@&apos; AND RECORDNAME LIKE &apos;%@@RecordName@@%&apos;&lt;/SQL&gt;</V>
	</F>
	<F type="SBU">
		<V n="ID">0</V>
		<V n="TYPE">Field</V>
		<V n="STATUS">0</V>
		<V n="Position">0,0,0,0</V>
		<V n="MIN_TYPES">0</V>
		<V n="MAX_TYPES">0</V>
		<V n="length"></V>
		<V n="ReqConf">8</V>
		<V n="rules">&lt;in /&gt;&lt;out /&gt;</V>
		<V n="SELECT">&lt;SQL flist=&apos;SBU&apos; dsn=&quot;*/lookupdb:cs&quot;&gt;SELECT DISTINCT SBU FROM &quot;ADMINISTRATOR&quot;.&quot;SBU&quot;&lt;/SQL&gt;</V>
		<V n="Text">Institutional Security Services</V>
	</F>
	<DICT n="Entity">
		<W v="EDS">EDS</W>
	</DICT>
</S>
