<?xml version="1.0" encoding="UTF-8" standalone="yes"?>
<rsapp name="edelweiss_CMA">
	<rsc>
		<ruleset id="ImportFiles.Rul.dll" name.dll="ImportFiles"/>
		<ruleset id="2" name="Import Files - All" depends=""/>
		<ruleset name.dll="Image_Convert" id="Image_Convert"/>
		<ruleset name.dll="ImageEnhancement" id="ImageEnhancement"/>
		<ruleset name.dll="IdentifyPages" id="IdentifyPages"/>
		<ruleset name.dll="CreateDocuments" id="CreateDocuments" depends=""/>
		<ruleset name="Document Integrity" id="11" depends=""/>
		<ruleset name.dll="RecognizePagesAndFields" id="RecognizePagesAndFields"/>
		<ruleset name.dll="ValidateFields" id="ValidateFields"/>
		<ruleset name="Routing" id="10" depends=""/>
		<ruleset name="Export" id="7" depends=""/>
		<ruleset name="FingerprintAdd" id="8" depends=""/>
		<ruleset name="Export Statistics" id="Export Statistics" depends=""/>
		<ruleset name="Profile Statistics" id="Profile Statistics" depends=""/>
		<ruleset id="1" name="VScan" depends=""/>
		<ruleset id="3" name="ConverttoTiff" depends=""/>
		<ruleset id="4" name="OCR" depends=""/>
		<ruleset id="5" name="PageID" depends=""/>
		<ruleset id="6" name="CreateDocuments" depends=""/>
		<ruleset id="9" name="ExporttoFileNet" depends=""/>
		<ruleset id="12" name="ReadingBarcode" depends=""/>
		<ruleset id="13" name="SetStatus" depends=""/>
	</rsc>
	<tps>
		<tprofile name="ScanFromDisk_MultiFormat">
			<ruleset id="2"/>
			<ruleset id="Image_Convert"/>
		</tprofile>
		<tprofile name="PageID">
			<ruleset id="3"/>
			<ruleset id="12"/>
			<ruleset id="5"/>
		</tprofile>
		<tprofile name="Profiler">
			<ruleset id="6"/>
			<ruleset id="13"/>
		</tprofile>
		<tprofile name="Verify">
			<ruleset id="ValidateFields"/>
		</tprofile>
		<tprofile name="Export">
			<ruleset id="9"/>
		</tprofile>
		<tprofile name="FingerprintAdd">
			<ruleset id="ImageEnhancement"/>
			<ruleset id="8"/>
		</tprofile>
		<tprofile name="ScanFromDisk_SingleTIFFs">
			<ruleset id="ImportFiles.Rul.dll"/>
		</tprofile>
		<tprofile name="FixUp"/>
		<tprofile name="iVScan"/>
		<tprofile name="Convert">
			<ruleset id="Image_Convert"/>
		</tprofile>
		<tprofile name="VScan">
			<ruleset id="1"/>
		</tprofile>
	</tps>
</rsapp>